Area,Perimeter,Eccentricity,Solidity
41695.0,2188.4530649986345,0.8298127128467812,0.7890055823635159
